state,chamber,name,party_abb,twitter_handle,instagram_handle,Instagram_URL,List
Alabama,U.S. Senator,"Shelby, Richard",R,SenShelby,senatorshelby,https://www.instagram.com/senatorshelby,congress2022
Alabama,U.S. Senator,"Tuberville, Tommy",R,Ttuberville,sentuberville,https://www.instagram.com/sentuberville,congress2022
Alabama 1st District,U.S. Representative,"Carl, Jerry",R,RepJerryCarl,repjerrycarl,https://www.instagram.com/repjerrycarl,congress2022
Alabama 2nd District,U.S. Representative,"Moore, Barry",R,RepBarryMoore,barrymooreforcongress,https://www.instagram.com/barrymooreforcongress,congress2022
Alabama 3rd District,U.S. Representative,"Rogers, Mike",R,RepMikeRogers,repmikerogersal,https://www.instagram.com/repmikerogersal,congress2022
Alabama 4th District,U.S. Representative,"Aderholt, Robert",R,Robert_Aderholt,robert_aderholt,https://www.instagram.com/robert_aderholt,congress2022
Alabama 5th District,U.S. Representative,"Brooks, Mo",R,RepMoBrooks,,,
Alabama 6th District,U.S. Representative,"Palmer, Gary",R,USRepGaryPalmer,repgarypalmer,https://www.instagram.com/repgarypalmer,congress2022
Alabama 7th District,U.S. Representative,"Sewell, Terri A.",D,RepTerriSewell,repterriasewell,https://www.instagram.com/repterriasewell,congress2022
Alaska,U.S. Senator,"Sullivan, Dan",R,SenDanSullivan,sen_dansullivan,https://www.instagram.com/sen_dansullivan,congress2022
Alaska,U.S. Senator,"Murkowski, Lisa",R,lisamurkowski,senlisamurkowski,https://www.instagram.com/senlisamurkowski,congress2022
Alaska At-Large,U.S. Representative,"Young, Don",R,RepDonYoung,repdonyoung,https://www.instagram.com/repdonyoung,congress2022
Arizona,U.S. Senator,"Kelly, Mark",D,SenMarkKelly,enmarkkelly,https://www.instagram.com/enmarkkelly,congress2022
Arizona,U.S. Senator,"Sinema, Kyrsten",D,SenatorSinema,senatorsinema,https://www.instagram.com/senatorsinema,congress2022
Arizona 1st District,U.S. Representative,"O'Halleran, Tom",D,TomOHalleran,repohalleran,https://www.instagram.com/repohalleran,congress2022
Arizona 2nd District,U.S. Representative,"Kirkpatrick, Ann",D,RepKirkPatrick,RepAnnKirkpatrick,https://www.instagram.com/RepAnnKirkpatrick,congress2022
Arizona 3rd District,U.S. Representative,"Grijalva, Raul",D,RepRaulGrijalva,repraulgrijalva,https://www.instagram.com/repraulgrijalva,congress2022
Arizona 4th District,U.S. Representative,"Gosar, Paul A.",R,RepGosar,repgosar,https://www.instagram.com/repgosar,congress2022
Arizona 5th District,U.S. Representative,"Biggs, Andy",R,AndyBiggs4AZ,repandybiggs,https://www.instagram.com/repandybiggs,congress2022
Arizona 6th District,U.S. Representative,"Schweikert, David",R,RepDavid,repdavid,https://www.instagram.com/repdavid,congress2022
Arizona 7th District,U.S. Representative,"Gallego, Ruben",D,RepRubenGallego,reprubengallego,https://www.instagram.com/reprubengallego,congress2022
Arizona 8th District,U.S. Representative,"Lesko, Debbie",R,RepDLesko,replesko,https://www.instagram.com/replesko,congress2022
Arizona 9th District,U.S. Representative,"Stanton, Greg",D,RepGregStanton,repgregstanton,https://www.instagram.com/repgregstanton,congress2022
Arkansas,U.S. Senator,"Cotton, Tom",R,SenTomCotton,tomcottonar,https://www.instagram.com/tomcottonar,congress2022
Arkansas,U.S. Senator,"Boozman, John",R,JohnBoozman,johnboozman,https://www.instagram.com/johnboozman,congress2022
Arkansas 1st District,U.S. Representative,"Crawford, Rick",R,RepRickCrawford,reprickcrawford,https://www.instagram.com/reprickcrawford,congress2022
Arkansas 2nd District,U.S. Representative,"Hill, French",R,RepFrenchHill,repfrenchhill,https://www.instagram.com/repfrenchhill,congress2022
Arkansas 3rd District,U.S. Representative,"Womack, Steve",R,rep_stevewomack,rep_stevewomack,https://www.instagram.com/rep_stevewomack,congress2022
Arkansas 4th District,U.S. Representative,"Westerman, Bruce",R,RepWesterman,repwesterman,https://www.instagram.com/repwesterman,congress2022
California,U.S. Senator,"Feinstein, Dianne",D,SenFeinstein,,,
California,U.S. Senator,"Padilla, Alex",D,KamalaHarris,kamalaharris,https://www.instagram.com/kamalaharris,congress2022
California 1st District,U.S. Representative,"LaMalfa, Doug",R,RepLaMalfa,repdouglamalfa,https://www.instagram.com/repdouglamalfa,congress2022
California 2nd District,U.S. Representative,"Huffman, Jared",D,RepHuffman,rephuffman,https://www.instagram.com/rephuffman,congress2022
California 3rd District,U.S. Representative,"Garamendi, John",D,RepGaramendi,repgaramendi,https://www.instagram.com/repgaramendi,congress2022
California 4th District,U.S. Representative,"McClintock, Tom",R,RepMcClintock,,,
California 5th District,U.S. Representative,"Thompson, Mike",D,RepThompson,repmikethompson,https://www.instagram.com/repmikethompson,congress2022
California 6th District,U.S. Representative,"Matsui, Doris O.",D,DorisMatsui,repdorismatsui,https://www.instagram.com/repdorismatsui,congress2022
California 7th District,U.S. Representative,"Bera, Ami",D,RepBera,repbera,https://www.instagram.com/repbera,congress2022
California 8th District,U.S. Representative,"Obernolte, Jay",R,JayObernolte,repjayobernolte,https://www.instagram.com/repjayobernolte,congress2022
California 9th District,U.S. Representative,"McNerney, Jerry",D,RepMcNerney,,,
California 10th District,U.S. Representative,"Harder, Josh",D,RepJoshHarder,repjoshharder,https://www.instagram.com/repjoshharder,congress2022
California 11th District,U.S. Representative,"DeSaulnier, Mark",D,RepDeSaulnier,repdesaulnier,https://www.instagram.com/repdesaulnier,congress2022
California 12th District,U.S. Representative,"Pelosi, Nancy",D,SpeakerPelosi,speakerpelosi,https://www.instagram.com/speakerpelosi,congress2022
California 13th District,U.S. Representative,"Lee, Barbara",D,RepBarbaraLee,repbarbaralee,https://www.instagram.com/repbarbaralee,congress2022
California 14th District,U.S. Representative,"Speier, Jackie",D,RepSpeier,jackiespeier,https://www.instagram.com/jackiespeier,congress2022
California 15th District,U.S. Representative,"Swalwell, Eric",D,RepSwalwell,repswalwell,https://www.instagram.com/repswalwell,congress2022
California 16th District,U.S. Representative,"Costa, Jim",D,RepJimCosta,repjimcosta,https://www.instagram.com/repjimcosta,congress2022
California 17th District,U.S. Representative,"Khanna, Ro",D,RoKhannaUSA,reprokhanna,https://www.instagram.com/reprokhanna,congress2022
California 18th District,U.S. Representative,"Eshoo, Anna G.",D,RepAnnaEshoo,repannaeshoo,https://www.instagram.com/repannaeshoo,congress2022
California 19th District,U.S. Representative,"Lofgren, Zoe",D,RepZoeLofgren,,,
California 20th District,U.S. Representative,"Panetta, Jimmy",D,JimmyPanetta,repjimmypanetta,https://www.instagram.com/repjimmypanetta,congress2022
California 21st District,U.S. Representative,"Valadao, David",R,RepDavidValadao,repdavidvaladao,https://www.instagram.com/repdavidvaladao,congress2022
California 22nd District,U.S. Representative,Devin Nunes,R,devinnunes,realdevinnunes,https://www.instagram.com/realdevinnunes,congress2022
California 23rd District,U.S. Representative,"McCarthy, Kevin",R,GOPLeader,repkevinmccarthy,https://www.instagram.com/repkevinmccarthy,congress2022
California 24th District,U.S. Representative,"Carbajal, Salud",D,CarbajalSalud,repcarbajal,https://www.instagram.com/repcarbajal,congress2022
California 25th District,U.S. Representative,"Garcia, Mike",R,MikeGarcia2020,mikegarcia2020,https://www.instagram.com/mikegarcia2020,congress2022
California 26th District,U.S. Representative,"Brownley, Julia",D,RepBrownley,,,
California 27th District,U.S. Representative,"Chu, Judy",D,RepJudyChu,repjudychu,https://www.instagram.com/repjudychu,congress2022
California 28th District,U.S. Representative,"Schiff, Adam",D,RepAdamSchiff,repadamschiff,https://www.instagram.com/repadamschiff,congress2022
California 29th District,U.S. Representative,"Cárdenas, Tony",D,RepCardenas,RepCardenas,https://www.instagram.com/RepCardenas,congress2022
California 30th District,U.S. Representative,"Sherman, Brad",D,BradSherman,congressmansherman,https://www.instagram.com/congressmansherman,congress2022
California 31st District,U.S. Representative,"Aguilar, Pete",D,RepPeteAguilar,rep.peteaguilar,https://www.instagram.com/rep.peteaguilar,congress2022
California 32nd District,U.S. Representative,"Napolitano, Grace",D,gracenapolitano,repgracenapolitano,https://www.instagram.com/repgracenapolitano,congress2022
California 33rd District,U.S. Representative,"Lieu, Ted",D,RepTedLieu,reptedlieu,https://www.instagram.com/reptedlieu,congress2022
California 34th District,U.S. Representative,"Gomez, Jimmy",D,RepJimmyGomez,jimmygomezca,https://www.instagram.com/jimmygomezca,congress2022
California 35th District,U.S. Representative,"Torres, Norma",D,NormaJTorres,repnormatorres,https://www.instagram.com/repnormatorres,congress2022
California 36th District,U.S. Representative,"Ruiz, Raul",D,RepRaulRuizMD,RepRaulRuizMD,https://www.instagram.com/RepRaulRuizMD,congress2022
California 37th District,U.S. Representative,"Bass, Karen",D,RepKarenBass,repkarenbass,https://www.instagram.com/repkarenbass,congress2022
California 38th District,U.S. Representative,"Sánchez, Linda",D,RepLindaSanchez,replindasanchez,https://www.instagram.com/replindasanchez,congress2022
California 39th District,U.S. Representative,"Kim, Young",R,YoungKimCA,youngkimca,https://www.instagram.com/youngkimca,congress2022
California 40th District,U.S. Representative,"Roybal-Allard, Lucille",D,RepRoybalAllard,reproybalallard,https://www.instagram.com/reproybalallard,congress2022
California 41st District,U.S. Representative,"Takano, Mark",D,RepMarkTakano,repmarktakano,https://www.instagram.com/repmarktakano,congress2022
California 42nd District,U.S. Representative,"Calvert, Ken",R,KenCalvert,repkencalvert,https://www.instagram.com/repkencalvert,congress2022
California 43rd District,U.S. Representative,"Waters, Maxine",D,MaxineWaters,repmaxinewaters,https://www.instagram.com/repmaxinewaters,congress2022
California 44th District,U.S. Representative,"Barragan, Nanette",D,Nanette4CA,repbarragan,https://www.instagram.com/repbarragan,congress2022
California 45th District,U.S. Representative,"Porter, Katie",D,RepKatiePorter,repkatieporter,https://www.instagram.com/repkatieporter,congress2022
California 46th Division,U.S. Representative,"Correa, Lou",D,RepLouCorrea,reploucorrea,https://www.instagram.com/reploucorrea,congress2022
California 47th District,U.S. Representative,"Lowenthal, Alan",D,RepLowenthal,replowenthal,https://www.instagram.com/replowenthal,congress2022
California 48th District,U.S. Representative,"Steel, Michelle",R,MichelleSteelCA,michellesteelca,https://www.instagram.com/michellesteelca,congress2022
California 49th District,U.S. Representative,"Levin, Mike",D,RepMikeLevin,repmikelevin,https://www.instagram.com/repmikelevin,congress2022
California 50th District,U.S. Representative,"Issa, Darrell",R,DarrellIssa,darrellissa,https://www.instagram.com/darrellissa,congress2022
California 51st District,U.S. Representative,"Vargas, Juan",D,RepJuanVargas,repjuanvargas,https://www.instagram.com/repjuanvargas,congress2022
California 52nd District,U.S. Representative,"Peters, Scott",D,RepScottPeters,repscottpeters,https://www.instagram.com/repscottpeters,congress2022
California 53rd District,U.S. Representative,"Jacobs, Sara",D,SaraJacobsCA,sarajacobsca,https://www.instagram.com/sarajacobsca,congress2022
Colorado,U.S. Senator,"Bennet, Michael",D,MichaelBennet,senatorbennet,https://www.instagram.com/senatorbennet,congress2022
Colorado,U.S. Senator,"Hickenlooper, John",D,SenatorHick,senatorhick,https://www.instagram.com/senatorhick,congress2022
Colorado 1st District,U.S. Representative,"DeGette, Diana",D,RepDianaDeGette,repdianadegette,https://www.instagram.com/repdianadegette,congress2022
Colorado 2nd District,U.S. Representative,"Neguse, Joe",R,RepJoeNeguse,repjoeneguse,https://www.instagram.com/repjoeneguse,congress2022
Colorado 3rd District,U.S. Representative,"Boebert, Lauren",R,laurenboebert,repboebert,https://www.instagram.com/repboebert,congress2022
Colorado 4th District,U.S. Representative,"Buck, Ken",R,RepKenBuck,repkenbuc,https://www.instagram.com/repkenbuc,congress2022
Colorado 5th District,U.S. Representative,"Lamborn, Doug",R,RepDLamborn,douglamborn,https://www.instagram.com/douglamborn,congress2022
Colorado 6th District,U.S. Representative,"Crow, Jason",D,RepJasonCrow,repjasoncrow,https://www.instagram.com/repjasoncrow,congress2022
Colorado 7th District,U.S. Representative,"Perlmutter, Ed",D,RepPerlmutter,ed4colorado,https://www.instagram.com/ed4colorado,congress2022
Connecticut,U.S. Senator,"Murphy, Chris",D,ChrisMurphyCT,chrismurphyct,https://www.instagram.com/chrismurphyct,congress2022
Connecticut,U.S. Senator,"Blumenthal, Richard",D,SenBlumenthal,senblumenthal,https://www.instagram.com/senblumenthal,congress2022
Connecticut 1st District,U.S. Representative,"Larson, John B.",D,RepJohnLarson,repjohnblarson,https://www.instagram.com/repjohnblarson,congress2022
Connecticut 2nd District,U.S. Representative,"Courtney, Joe",D,RepJoeCourtney,repjoecourtney,https://www.instagram.com/repjoecourtney,congress2022
Connecticut 3rd District,U.S. Representative,"DeLauro, Rosa L.",D,rosadelauro,rosa_delauro,https://www.instagram.com/rosa_delauro,congress2022
Connecticut 4th District,U.S. Representative,"Himes, Jim",D,jahimes,repjimhimes,https://www.instagram.com/repjimhimes,congress2022
Connecticut 5th District,U.S. Representative,"Hayes, Jahana",D,RepJahanaHayes,repjahanahayes,https://www.instagram.com/repjahanahayes,congress2022
Delaware,U.S. Senator,"Coons, Chris",D,SenCoonsOffice,senatorchriscoons,https://www.instagram.com/senatorchriscoons,congress2022
Delaware,U.S. Senator,"Carper, Tom",D,SenatorCarper,senatorcarper,https://www.instagram.com/senatorcarper,congress2022
Delaware At-Large,U.S. Representative,"Blunt Rochester, Lisa",D,LisaBRochester,replbr,https://www.instagram.com/replbr,congress2022
Florida,U.S. Senator,"Rubio, Marco",R,marcorubio,marcorubio,https://www.instagram.com/marcorubio,congress2022
Florida,U.S. Senator,"Scott, Rick",R,ScottforFlorida,scottforflorida,https://www.instagram.com/scottforflorida,congress2022
Florida 1st District,U.S. Representative,"Gaetz, Matt",R,MattGaetz,repmattgaetz,https://www.instagram.com/repmattgaetz,congress2022
Florida 2nd District,U.S. Representative,"Dunn, Neal",R,DrNealDunnFL2,nealdunnforcongress,https://www.instagram.com/nealdunnforcongress,congress2022
Florida 3rd District,U.S. Representative,"Cammack, Kat",R,Kat_Cammack,katforcongress,https://www.instagram.com/katforcongress,congress2022
Florida 4th District,U.S. Representative,"Rutherford, John",R,JRutherfordFL,reprutherfordfl,https://www.instagram.com/reprutherfordfl,congress2022
Florida 5th District,U.S. Representative,"Lawson, Al",D,AlLawsonJr,allawsonjr,https://www.instagram.com/allawsonjr,congress2022
Florida 6th District,U.S. Representative,"Waltz, Michael",R,RepMichaelWaltz,repmichaelwaltz,https://www.instagram.com/repmichaelwaltz,congress2022
Florida 7th District,U.S. Representative,"Murphy, Stephanie",D,SMurphyCongress,repstephmurphy,https://www.instagram.com/repstephmurphy,congress2022
Florida 8th District,U.S. Representative,"Posey, Bill",R,congbillposey,,,
Florida 9th District,U.S. Representative,"Soto, Darren",D,RepDarrenSoto,repdarrensoto,https://www.instagram.com/repdarrensoto,congress2022
Florida 10th District,U.S. Representative,"Demings, Val",D,Val_Demings,chiefvaldemings,https://www.instagram.com/chiefvaldemings,congress2022
Florida 11th District,U.S. Representative,"Webster, Daniel",R,RepWebster,websterforcongress,https://www.instagram.com/websterforcongress,congress2022
Florida 12th District,U.S. Representative,"Bilirakis, Gus M.",R,RepGusBilirakis,gusbilirakis,https://www.instagram.com/gusbilirakis,congress2022
Florida 13th District,U.S. Representative,"Crist, Charlie",D,CharlieCrist,charliecris,https://www.instagram.com/charliecris,congress2022
Florida 14th District,U.S. Representative,"Castor, Kathy",D,USRepKCastor,usrepkathycastor,https://www.instagram.com/usrepkathycastor,congress2022
Florida 15th District,U.S. Representative,"Franklin, Scott",R,ScottFranklinFL,repfranklin,https://www.instagram.com/repfranklin,congress2022
Florida 16th District,U.S. Representative,"Buchanan, Vern",R,VernBuchanan,repvern,https://www.instagram.com/repvern,congress2022
Florida 17th District,U.S. Representative,"Steube, W. Gregory",R,RepGregSteube,repgregsteube,https://www.instagram.com/repgregsteube,congress2022
Florida 18th District,U.S. Representative,"Mast, Brian",R,BrianMastFL,brianmastfl,https://www.instagram.com/brianmastfl,congress2022
Florida 19th District,U.S. Representative,"Donalds, Bryron",R,ByronDonalds,byrondonalds,https://www.instagram.com/byrondonalds,congress2022
Florida 20th District,U.S. Representative,"Cherfilus-McCormick, Sheila",D,CongresswomanSC,sheilaforcongress,https://www.instagram.com/sheilaforcongress,congress2022
Florida 21st District,U.S. Representative,"Frankel, Lois",D,RepLoisFrankel,reploisfranke,https://www.instagram.com/reploisfranke,congress2022
Florida 22nd District,U.S. Representative,"Deutch, Ted",D,RepTedDeutch,repteddeutch,https://www.instagram.com/repteddeutch,congress2022
Florida 23rd District,U.S. Representative,"Wasserman Schultz, Debbie",D,RepDWStweets,repdws,https://www.instagram.com/repdws,congress2022
Florida 24th District,U.S. Representative,"Wilson, Frederica",D,RepWilson,repwilson,https://www.instagram.com/repwilson,congress2022
Florida 25th District,U.S. Representative,"Diaz-Balart, Mario",R,MarioDB,repmariodb,https://www.instagram.com/repmariodb,congress2022
Florida 26th District,U.S. Representative,"Giménez, Carlos",R,RepCarlos,carlosgimenezfl26,https://www.instagram.com/carlosgimenezfl26,congress2022
Florida 27th District,U.S. Representative,"Salazar, Maria Elvira",R,MaElviraSalazar,maelvirasalazar,https://www.instagram.com/maelvirasalazar,congress2022
Georgia,U.S. Senator,"Ossoff, Jon",D,ossoff,jonossoff,https://www.instagram.com/jonossoff,congress2022
Georgia,U.S. Senator,"Warnock, Raphael",D,ReverendWarnock,raphaelwarnock,https://www.instagram.com/raphaelwarnock,congress2022
Georgia 1st District,U.S. Representative,"Carter, Buddy",R,RepBuddyCarter,repbuddycarter,https://www.instagram.com/repbuddycarter,congress2022
Georgia 2nd District,U.S. Representative,"Bishop Jr., Sanford D.",D,SanfordBishop,repsanfordbishop,https://www.instagram.com/repsanfordbishop,congress2022
Georgia 3rd District,U.S. Representative,"Ferguson, Drew",R,DrewFergusonGA,repdrewferguson,https://www.instagram.com/repdrewferguson,congress2022
Georgia 4th District,U.S. Representative,"Johnson, Henry C. “Hank” Jr.",D,RepHankJohnson,rephankjohnson,https://www.instagram.com/rephankjohnson,congress2022
Georgia 5th District,U.S. Representative,"Williams, Nikema",D,NikemaWilliams,nikemaforcongress,https://www.instagram.com/nikemaforcongress,congress2022
Georgia 6th District,U.S. Representative,"McBath, Lucy",D,RepLucyMcBath,replucymcbath,https://www.instagram.com/replucymcbath,congress2022
Georgia 7th District,U.S. Representative,"Bourdeaux, Carolyn",D,RepBourdeaux,carolyn4congress,https://www.instagram.com/carolyn4congress,congress2022
Georgia 8th District,U.S. Representative,"Scott, Austin",R,AustinScottGA08,,,
Georgia 9th District,U.S. Representative,"Clyde, Andrew",R,,repclyde,https://www.instagram.com/repclyde,congress2022
Georgia 10th District,U.S. Representative,"Hice, Jody",R,CongressmanHice,rep_hice,https://www.instagram.com/rep_hice,congress2022
Georgia 11th District,U.S. Representative,"Loudermilk, Barry",R,RepLoudermilk,reploudermilk,https://www.instagram.com/reploudermilk,congress2022
Georgia 12th District,U.S. Representative,"Allen, Rick",R,RepRickAllen,rep_rickallen,https://www.instagram.com/rep_rickallen,congress2022
Georgia 13th District,U.S. Representative,"Scott, David",D,repdavidscott,repdavidscott,https://www.instagram.com/repdavidscott,congress2022
Georgia 14th District,U.S. Representative,"Greene, Marjorie Taylor",R,mtgreenee,realmarjoriegreene,https://www.instagram.com/realmarjoriegreene,congress2022
Hawaii,U.S. Senator,"Schatz, Brian",D,SenBrianSchatz,senbrianschatz,https://www.instagram.com/senbrianschatz,congress2022
Hawaii,U.S. Senator,"Hirono, Mazie",D,maziehirono,maziehirono,https://www.instagram.com/maziehirono,congress2022
Hawaii 1st District,U.S. Representative,"Case, Ed",D,RepEdCase,repedcase,https://www.instagram.com/repedcase,congress2022
Hawaii 2nd District,U.S. Representative,"Kahele, Kai",D,kaikahele,kaikahele,https://www.instagram.com/kaikahele,congress2022
Idaho,U.S. Senator,"Risch, Jim",R,SenatorRisch,,,
Idaho,U.S. Senator,"Crapo, Mike",R,MikeCrapo,mikecrapo,https://www.instagram.com/mikecrapo,congress2022
Idaho 1st District,U.S. Representative,"Fulcher, Russ",R,RepRussFulcher,reprussfulche,https://www.instagram.com/reprussfulche,congress2022
Idaho 2nd District,U.S. Representative,"Simpson, Mike",R,CongMikeSimpson,,,
Illinois,U.S. Senator,Tammy Duckwort,D,SenDuckworth,senduckworth,https://www.instagram.com/senduckworth,congress2022
Illinois,U.S. Senator,"Durbin, Richard",D,SenatorDurbin,durbincampaign,https://www.instagram.com/durbincampaign,congress2022
Illinois 1st District,U.S. Representative,"Rush, Bobby L.",D,RepBobbyRush,repbobbyrush,https://www.instagram.com/repbobbyrush,congress2022
Illinois 2nd District,U.S. Representative,"Kelly, Robin",D,RepRobinKelly,reprobinkelly,https://www.instagram.com/reprobinkelly,congress2022
Illinois 3rd District,U.S. Representative,"Newman, Marie",D,RepMarieNewman,repmarienewman,https://www.instagram.com/repmarienewman,congress2022
Illinois 4th District,U.S. Representative,"Garcia, Jesus “Chuy”",D,RepChuyGarcia,repchuygarcia,https://www.instagram.com/repchuygarcia,congress2022
Illinois 5th District,U.S. Representative,"Quigley, Mike",D,RepMikeQuigley,repmikequigley,https://www.instagram.com/repmikequigley,congress2022
Illinois 6th District,U.S. Representative,"Casten, Sean",D,RepCasten,repseancasten,https://www.instagram.com/repseancasten,congress2022
Illinois 7th District,U.S. Representative,"Davis, Danny K.",D,RepDannyDavis,repdannydavis,https://www.instagram.com/repdannydavis,congress2022
Illinois 8th District,U.S. Representative,"Krishnamoorthi, Raja",D,RajaForCongress,congressmanraja,https://www.instagram.com/congressmanraja,congress2022
Illinois 9th District,U.S. Representative,"Schakowsky, Jan",D,janschakowsky,janschakowsky,https://www.instagram.com/janschakowsky,congress2022
Illinois 10th District,U.S. Representative,"Schneider, Bradley",D,RepSchneider,repschneider,https://www.instagram.com/repschneider,congress2022
Illinois 11th District,U.S. Representative,"Foster, Bill",D,RepBillFoster,repbillfoster,https://www.instagram.com/repbillfoster,congress2022
Illinois 12th District,U.S. Representative,"Bost, Mike",R,RepBost,,,
Illinois 13th District,U.S. Representative,"Davis, Rodney",R,RodneyDavis,reprodneydavis,https://www.instagram.com/reprodneydavis,congress2022
Illinois 14th District,U.S. Representative,"Underwood, Lauren",D,RepUnderwood,repunderwood,https://www.instagram.com/repunderwood,congress2022
Illinois 15th District,U.S. Representative,"Miller, Mary",R,RepMaryMiller,MaryMillerForCongress,https://www.instagram.com/MaryMillerForCongress,congress2022
Illinois 16th District,U.S. Representative,"Kinzinger, Adam",R,RepKinzinger,,,
Illinois 17th District,U.S. Representative,"Bustos, Cheri",D,RepCheri,repcheri,https://www.instagram.com/repcheri,congress2022
Illinois 18th District,U.S. Representative,"LaHood,Darin",R,ElectLaHood,,,
Indiana,U.S. Senator,"Braun, Mike",R,Braun4Indiana,senatorbraun,https://www.instagram.com/senatorbraun,congress2022
Indiana,U.S. Senator,"Young, Todd",R,SenToddYoung,sentoddyoung,https://www.instagram.com/sentoddyoung,congress2022
Indiana 1st District,U.S. Representative,"Mrvan, Frank",D,RepMrvan,,,
Indiana 2nd District,U.S. Representative,"Walorski, Jackie",R,RepWalorski,jackiewalorski,https://www.instagram.com/jackiewalorski,congress2022
Indiana 3rd District,U.S. Representative,"Banks, Jim",R,Jim_Banks,repjimbanks,https://www.instagram.com/repjimbanks,congress2022
Indiana 4th District,U.S. Representative,"Baird, James",R,RepJimBaird,,,
Indiana 5th District,U.S. Representative,"Spartz, Victoria",R,Victoria_Spartz,Spartzforcongress,https://www.instagram.com/Spartzforcongress,congress2022
Indiana 6th District,U.S. Representative,"Pence, Greg",R,RepGregPence,repgregpence,https://www.instagram.com/repgregpence,congress2022
Indiana 7th District,U.S. Representative,"Carson, André",D,RepAndreCarson,repandrecarson,https://www.instagram.com/repandrecarson,congress2022
Indiana 8th District,U.S. Representative,"Bucshon, Larry",R,RepLarryBucshon,replarrybucshon,https://www.instagram.com/replarrybucshon,congress2022
Indiana 9th District,U.S. Representative,"Hollingsworth, Trey",R,VoteForTrey,rep_trey,https://www.instagram.com/rep_trey,congress2022
Iowa,U.S. Senator,"Grassley, Chuck",R,ChuckGrassley,senatorchuckgrassley,https://www.instagram.com/senatorchuckgrassley,congress2022
Iowa,U.S. Senator,Joni Ernst,R,SenJoniErnst,senjoniernst,https://www.instagram.com/senjoniernst,congress2022
Iowa 1st District,U.S. Representative,"Hinson, Ashley",R,RepAshleyHinson,hinsonforhouse,https://www.instagram.com/hinsonforhouse,congress2022
Iowa 2nd District,U.S. Representative,"Miller-Meeks, Mariannette",R,RepMMM,millermeeks,https://www.instagram.com/millermeeks,congress2022
Iowa 3rd District,U.S. Representative,"Axne, Cynthia",D,RepCindyAxne,repcindyaxne,https://www.instagram.com/repcindyaxne,congress2022
Iowa 4th District,U.S. Representative,"Feenstra, Randy",R,RandyFeenstra,feenstraforcongress,https://www.instagram.com/feenstraforcongress,congress2022
Kansas,U.S. Senator,"Marshall, Roger",R,RogerMarshallMD,rogermarshallmd,https://www.instagram.com/rogermarshallmd,congress2022
Kansas,U.S. Senator,"Moran, Jerry",R,JerryMoran,,,
Kansas 1st District,U.S. Representative,"Mann, Tracey",R,TraceyMannKS,,,
Kansas 2nd District,U.S. Representative,"LaTurner, Jake",R,JakeLaTurner,,,
Kansas 3rd District,U.S. Representative,"Davids, Sharice",D,sharicedavids,shariceforcongress,https://www.instagram.com/shariceforcongress,congress2022
Kansas 4th District,U.S. Representative,"Estes, Ron",R,RepRonEstes,repronestes,https://www.instagram.com/repronestes,congress2022
Kentucky,U.S. Senator,"Paul, Rand",R,RandPaul,drrandpaul,https://www.instagram.com/drrandpaul,congress2022
Kentucky,U.S. Senator,"McConnell, Mitch",R,McConnellPress,mcconnellpress,https://www.instagram.com/mcconnellpress,congress2022
Kentucky 1st District,U.S. Representative,"Comer, James",R,JamesComer,congressmancomer,https://www.instagram.com/congressmancomer,congress2022
Kentucky 2nd District,U.S. Representative,"Guthrie, S. Brett",R,RepGuthrie,repguthrie,https://www.instagram.com/repguthrie,congress2022
Kentucky 3rd District,U.S. Representative,"Yarmuth, John A.",D,RepJohnYarmuth,,,
Kentucky 4th District,U.S. Representative,"Massie, Thomas",R,RepThomasMassie,repthomasmassie,https://www.instagram.com/repthomasmassie,congress2022
Kentucky 5th District,U.S. Representative,"Rogers, Harold",R,RepHalRogers,rephalrogers,https://www.instagram.com/rephalrogers,congress2022
Kentucky 6th District,U.S. Representative,"Barr, Andy",R,RepAndyBarr,repandybarr,https://www.instagram.com/repandybarr,congress2022
Louisiana,U.S. Senator,"Kennedy, John",R,JohnKennedyLA,senjohnkennedy,https://www.instagram.com/senjohnkennedy,congress2022
Louisiana,U.S. Senator,"Cassidy, Bill",R,BillCassidy,,,
Louisiana 1st District,U.S. Representative,"Scalise, Steve",R,SteveScalise,stevescalise,https://www.instagram.com/stevescalise,congress2022
Louisiana 2nd District,U.S. Representative,"Richmond, Cedric",D,RepRichmond,cedric_richmond,https://www.instagram.com/cedric_richmond,congress2022
Louisiana 3rd District,U.S. Representative,"Higgins, Clay",R,CaptClayHIggins,repclayhiggins,https://www.instagram.com/repclayhiggins,congress2022
Louisiana 4th District,U.S. Representative,"Johnson, Mike",R,RepMikeJohnson,repmikejohnso,https://www.instagram.com/repmikejohnso,congress2022
Louisiana 5th District,U.S. Representative,"Letlow, Julia",R,jbletlow,repjulialetlow,https://www.instagram.com/repjulialetlow,congress2022
Louisiana 6th District,U.S. Representative,"Graves, Garret",R,RepGarretGraves,instagravesla,https://www.instagram.com/instagravesla,congress2022
Maine,U.S. Senator,Angus King,I,SenAngusKing,anguskingmaine,https://www.instagram.com/anguskingmaine,congress2022
Maine,U.S. Senator,"Collins, Susan",R,SenatorCollins,sensusancollins,https://www.instagram.com/sensusancollins,congress2022
Maine 1st District,U.S. Representative,"Pingree, Chellie",D,chelliepingree,chelliepingre,https://www.instagram.com/chelliepingre,congress2022
Maine 2nd District,U.S. Representative,"Golden, Jared",D,RepGolden,,,
Maryland,U.S. Senator,"Van Hollen, Chris",D,ChrisVanHollen,chrisvanhollen,https://www.instagram.com/chrisvanhollen,congress2022
Maryland,U.S. Senator,"Cardin, Benjamin",D,SenatorCardin,senatorcardin,https://www.instagram.com/senatorcardin,congress2022
Maryland 1st District,U.S. Representative,"Harris, Andy",R,RepAndyHarrisMD,repandyharri,https://www.instagram.com/repandyharri,congress2022
Maryland 2nd District,U.S. Representative,"Ruppersberger, C. A. Dutch",D,Call_Me_Dutch,dutchruppersberger,https://www.instagram.com/dutchruppersberger,congress2022
Maryland 3rd District,U.S. Representative,"Sarbanes, John P.",D,RepSarbanes,johnsarbanes,https://www.instagram.com/johnsarbanes,congress2022
Maryland 4th District,U.S. Representative,"Brown, Anthony",D,RepAnthonyBrown,repanthonybrown,https://www.instagram.com/repanthonybrown,congress2022
Maryland 5th District,U.S. Representative,"Hoyer, Steny H.",D,LeaderHoyer,leaderhoyer,https://www.instagram.com/leaderhoyer,congress2022
Maryland 6th District,U.S. Representative,"Trone, David",D,RepDavidTrone,davidjtrone,https://www.instagram.com/davidjtrone,congress2022
Maryland 7th District,U.S. Representative,"Mfume, Kweisi",D,Mfume4Congress,mfumeforcongress,https://www.instagram.com/mfumeforcongress,congress2022
Maryland 8th District,U.S. Representative,"Raskin, Jamie",D,Jamie_Raskin,repraskin,https://www.instagram.com/repraskin,congress2022
Massachusetts,U.S. Senator,"Warren, Elizabeth",D,SenWarren,elizabethwarren,https://www.instagram.com/elizabethwarren,congress2022
Massachusetts,U.S. Senator,"Markey, Edward",D,SenMarkey,edmarkey,https://www.instagram.com/edmarkey,congress2022
Massachusetts 1st District,U.S. Representative,"Neal, Richard E.",D,RepRichardNeal,,,
Massachusetts 2nd District,U.S. Representative,"McGovern, James",D,RepMcGovern,repmcgovern,https://www.instagram.com/repmcgovern,congress2022
Massachusetts 3rd District,U.S. Representative,"Trahan, Lori",D,RepLoriTrahan,reploritrahan,https://www.instagram.com/reploritrahan,congress2022
Massachusetts 4th District,U.S. Representative,"Auchincloss, Jake",D,JakeAuch,jakeauchincloss,https://www.instagram.com/jakeauchincloss,congress2022
Massachusetts 5th District,U.S. Representative,"Clark, Katherine",D,RepKClark,repkclark,https://www.instagram.com/repkclark,congress2022
Massachusetts 6th District,U.S. Representative,"Moulton, Seth",D,teammoulton,repmoulton,https://www.instagram.com/repmoulton,congress2022
Massachusetts 7th District,U.S. Representative,"Pressley, Ayanna",D,RepPressley,ayannapressley,https://www.instagram.com/ayannapressley,congress2022
Massachusetts 8th District,U.S. Representative,"Lynch, Stephen F.",D,RepStephenLynch,repstephenlynch,https://www.instagram.com/repstephenlynch,congress2022
Massachusetts 9th District,U.S. Representative,"Keating, William",D,USRepKeating,,,
Michigan,U.S. Senator,"Stabenow, Debbie",D,SenStabenow,senatordebbiestabenow,https://www.instagram.com/senatordebbiestabenow,congress2022
Michigan,U.S. Senator,"Peters, Gary",D,SenGaryPeters,sengarypeters,https://www.instagram.com/sengarypeters,congress2022
Michigan 1st District,U.S. Representative,"Bergman, Jack",R,JackBergman_MI1,repjackbergman,https://www.instagram.com/repjackbergman,congress2022
Michigan 2nd District,U.S. Representative,"Huizenga, Bill",R,RepHuizenga,rephuizenga,https://www.instagram.com/rephuizenga,congress2022
Michigan 3rd District,U.S. Representative,"Meijer, Peter",R,VoteMeijer,votemeijer,https://www.instagram.com/votemeijer,congress2022
Michigan 4th District,U.S. Representative,"Moolenaar, John",R,RepMoolenaar,repmoolenaar,https://www.instagram.com/repmoolenaar,congress2022
Michigan 5th District,U.S. Representative,"Kildee, Daniel",D,RepDanKildee,repdankildee,https://www.instagram.com/repdankildee,congress2022
Michigan 6th District,U.S. Representative,"Upton, Fred",R,RepFredUpton,repfredupton,https://www.instagram.com/repfredupton,congress2022
Michigan 7th District,U.S. Representative,"Walberg, Tim",R,RepWalberg,repwalberg,https://www.instagram.com/repwalberg,congress2022
Michigan 8th District,U.S. Representative,"Slotkin, Elissa",D,RepSlotkin,repslotkin,https://www.instagram.com/repslotkin,congress2022
Michigan 9th District,U.S. Representative,"Levin, Andy",D,RepAndyLevin,repandylevin,https://www.instagram.com/repandylevin,congress2022
Michigan 10th District,U.S. Representative,"McClain, Lisa",R,LisaForCongress,lisamcclainforcongress,https://www.instagram.com/lisamcclainforcongress,congress2022
Michigan 11th District,U.S. Representative,"Stevens, Haley",D,RepHaleyStevens,rephaleystevens,https://www.instagram.com/rephaleystevens,congress2022
Michigan 12th District,U.S. Representative,"Dingell, Debbie",D,RepDebDingell,repdingell,https://www.instagram.com/repdingell,congress2022
Michigan 13th District,U.S. Representative,"Tlaib, Rashida",D,RepRashida,rashidatlaib,https://www.instagram.com/rashidatlaib,congress2022
Michigan 14th District,U.S. Representative,"Lawrence, Brenda",D,RepLawrence,repbrendalawrence,https://www.instagram.com/repbrendalawrence,congress2022
Minnesota,U.S. Senator,"Klobuchar, Amy",D,amyklobuchar,amyklobuchar,https://www.instagram.com/amyklobuchar,congress2022
Minnesota,U.S. Senator,"Smith, Tina",D,SenTinaSmith,tinasmithmn,https://www.instagram.com/tinasmithmn,congress2022
Minnesota 1st District,U.S. Representative,"Hagedorn, Jim",R,RepHagedorn,rephagedorn,https://www.instagram.com/rephagedorn,congress2022
Minnesota 2nd District,U.S. Representative,"Craig, Angie",D,RepAngieCraig,repangiecrai,https://www.instagram.com/repangiecrai,congress2022
Minnesota 3rd District,U.S. Representative,"Phillips, Dean",D,RepDeanPhillips,repdeanphillips,https://www.instagram.com/repdeanphillips,congress2022
Minnesota 4th District,U.S. Representative,"McCollum, Betty",D,BettyMcCollum04,repbettymccollum,https://www.instagram.com/repbettymccollum,congress2022
Minnesota 5th District,U.S. Representative,"Omar, Ilhan",D,IlhanMN,ilhanmn,https://www.instagram.com/ilhanmn,congress2022
Minnesota 6th District,U.S. Representative,"Emmer, Tom",R,RepTomEmmer,reptomemmer,https://www.instagram.com/reptomemmer,congress2022
Minnesota 7th District,U.S. Representative,"Fischbach, Michelle",R,FischbachMN7,repfischbach,https://www.instagram.com/repfischbach,congress2022
Minnesota 8th District,U.S. Representative,"Stauber, Pete",R,RepPeteStauber,petestaubermn,https://www.instagram.com/petestaubermn,congress2022
Mississippi,U.S. Senator,"Wicker, Roger",R,SenatorWicker,senatorwicker,https://www.instagram.com/senatorwicker,congress2022
Mississippi,U.S. Senator,"Hyde-Smith, Cindy",R,SenHydeSmith,sencindyhydesmith,https://www.instagram.com/sencindyhydesmith,congress2022
Mississippi 1st District,U.S. Representative,"Kelly, Trent",R,RepTrentKelly,reptrentkelly,https://www.instagram.com/reptrentkelly,congress2022
Mississippi 2nd District,U.S. Representative,"Thompson, Bennie G.",D,BennieGThompson,benniegthompson,https://www.instagram.com/benniegthompson,congress2022
Mississippi 3rd District,U.S. Representative,"Guest, Michael",R,RepMichaelGuest,repmichaelguest,https://www.instagram.com/repmichaelguest,congress2022
Mississippi 4th District,U.S. Representative,"Palazzo, Steven",R,CongPalazzo,congressmanpalazzo,https://www.instagram.com/congressmanpalazzo,congress2022
Missouri,U.S. Senator,"Hawley, Josh",R,HawleyMO,joshhawleymo,https://www.instagram.com/joshhawleymo,congress2022
Missouri,U.S. Senator,"Blunt, Roy",R,RoyBlunt,royblunt,https://www.instagram.com/royblunt,congress2022
Missouri 1st District,U.S. Representative,"Bush, Cori",D,CoriBush,coribush,https://www.instagram.com/coribush,congress2022
Missouri 2nd District,U.S. Representative,"Wagner, Ann",R,RepAnnWagner,repannwagner,https://www.instagram.com/repannwagner,congress2022
Missouri 3rd District,U.S. Representative,"Luetkemeyer, Blaine",R,RepBlaine,repblaine,https://www.instagram.com/repblaine,congress2022
Missouri 4th District,U.S. Representative,"Hartzler, Vicky",R,RepHartzler,rephartzler,https://www.instagram.com/rephartzler,congress2022
Missouri 5th District,U.S. Representative,"Cleaver, Emanuel",D,repcleaver,repcleaver,https://www.instagram.com/repcleaver,congress2022
Missouri 6th District,U.S. Representative,"Graves, Sam",R,RepSamGraves,repsamgraves,https://www.instagram.com/repsamgraves,congress2022
Missouri 7th District,U.S. Representative,"Long, Billy",R,USRepLong,,,
Missouri 8th District,U.S. Representative,"Smith, Jason",R,RepJasonSmith,repjasonsmith,https://www.instagram.com/repjasonsmith,congress2022
Montana,U.S. Senator,"Tester, Jon",D,SenatorTester,senatorjontester,https://www.instagram.com/senatorjontester,congress2022
Montana,U.S. Senator,"Daines, Steve",R,SteveDaines,stevedaines,https://www.instagram.com/stevedaines,congress2022
Montana At-Large,U.S. Representative,"Rosendale, Matt",R,MattForMontana,mattformontana,https://www.instagram.com/mattformontana,congress2022
Nebraska,U.S. Senator,"Sasse, Ben",R,SenSasse,senatorsasse,https://www.instagram.com/senatorsasse,congress2022
Nebraska,U.S. Senator,"Fischer, Deb",R,SenatorFischer,senatorfischer,https://www.instagram.com/senatorfischer,congress2022
Nebraska 1st District,U.S. Representative,"Fortenberry, Jeff",R,JeffFortenberry,,,
Nebraska 2nd District,U.S. Representative,"Bacon, Don",R,RepDonBacon,repdonbacon,https://www.instagram.com/repdonbacon,congress2022
Nebraska 3rd District,U.S. Representative,"Smith, Adrian",R,RepAdrianSmith,repadriansmith,https://www.instagram.com/repadriansmith,congress2022
Nevada,U.S. Senator,"Rosen, Jacky",D,SenJackyRosen,senjackyrosen,https://www.instagram.com/senjackyrosen,congress2022
Nevada,U.S. Senator,"Cortez Mastro, Catherine",D,CatherineForNV,sencortezmasto,https://www.instagram.com/sencortezmasto,congress2022
Nevada 1st District,U.S. Representative,"Titus, Dina",D,repdinatitus,dinatitusnv,https://www.instagram.com/dinatitusnv,congress2022
Nevada 2nd District,U.S. Representative,"Amodei, Mark",R,MarkAmodeiNV2,markamodeinv2,https://www.instagram.com/markamodeinv2,congress2022
Nevada 3rd District,U.S. Representative,"Lee, Susie",D,RepSusieLee,repsusielee,https://www.instagram.com/repsusielee,congress2022
Nevada 4th District,U.S. Representative,"Horsford, Steven",D,RepHorsford,rephorsford,https://www.instagram.com/rephorsford,congress2022
New Hampshire,U.S. Senator,"Shaheen, Jeanne",D,SenatorShaheen,senatorshaheen,https://www.instagram.com/senatorshaheen,congress2022
New Hampshire,U.S. Senator,"Hassan, Maggie",D,Maggie_Hassan,senatorhassan,https://www.instagram.com/senatorhassan,congress2022
New Hampshire 1st District,U.S. Representative,"Pappas, Chris",D,RepChrisPappas,repchrispappas,https://www.instagram.com/repchrispappas,congress2022
New Hampshire 2nd District,U.S. Representative,"Kuster, Ann",D,RepAnnieKuster,repanniekuster,https://www.instagram.com/repanniekuster,congress2022
New Jersey,U.S. Senator,"Menendez, Robert",D,SenatorMenendez,senatormenendez,https://www.instagram.com/senatormenendez,congress2022
New Jersey,U.S. Senator,"Booker, Cory",D,CoryBooker,corybooker,https://www.instagram.com/corybooker,congress2022
New Jersey 1st District,U.S. Representative,"Norcross, Donald",D,DonNorcross4NJ,donald_norcross,https://www.instagram.com/donald_norcross,congress2022
New Jersey 2nd District,U.S. Representative,"Van Drew, Jefferson",D,JeffVanDrew,jeffvandrew,https://www.instagram.com/jeffvandrew,congress2022
New Jersey 3rd District,U.S. Representative,"Kim, Andy",D,RepAndyKimNJ,andykimnj,https://www.instagram.com/andykimnj,congress2022
New Jersey 4th District,U.S. Representative,"Smith, Chris",R,RepChrisSmith,repchrissmith,https://www.instagram.com/repchrissmith,congress2022
New Jersey 5th District,U.S. Representative,"Gottheimer, Josh",D,JoshGottheimer,repjoshg,https://www.instagram.com/repjoshg,congress2022
New Jersey 6th District,U.S. Representative,"Pallone Jr., Frank",D,FrankPallone,repfrankpallone,https://www.instagram.com/repfrankpallone,congress2022
New Jersey 7th District,U.S. Representative,"Malinowski, Tom",D,RepMalinowski,malinowskifornj,https://www.instagram.com/malinowskifornj,congress2022
New Jersey 8th District,U.S. Representative,"Sires, Albio",D,RepSires,repsires,https://www.instagram.com/repsires,congress2022
New Jersey 9th District,U.S. Representative,"Pascrell Jr., Bill",D,BillPascrell,billpascrell,https://www.instagram.com/billpascrell,congress2022
New Jersey 10th District,U.S. Representative,"Payne Jr., Donald",D,RepDonaldPayne,repdonaldpaynejr,https://www.instagram.com/repdonaldpaynejr,congress2022
New Jersey 11th District,U.S. Representative,"Sherrill, Mikie",D,RepSherrill,repsherrill,https://www.instagram.com/repsherrill,congress2022
New Jersey 12th District,U.S. Representative,"Watson Coleman, Bonnie",D,RepBonnie,RepBonnie,https://www.instagram.com/RepBonnie,congress2022
New Mexico,U.S. Senator,"Luján, Ben Ray",D,SenatorLujan,,,
New Mexico,U.S. Senator,"Heinrich, Martin",D,MartinHeinrich,senatormartinheinrich,https://www.instagram.com/senatormartinheinrich,congress2022
New Mexico 1st District,U.S. Representative,"Stansbury, Melanie",D,Rep_Stansbury,repstansbury,https://www.instagram.com/repstansbury,congress2022
New Mexico 2nd District,U.S. Representative,"Herrell, Yvette",R,Yvette4congress,,,
New Mexico 3rd District,U.S. Representative,"Fernandez, Teresa Leger",D,TeresaForNM,teresafornm,https://www.instagram.com/teresafornm,congress2022
New York,U.S. Senator,"Schumer, Chuck",D,SenSchumer,chuckschumer,https://www.instagram.com/chuckschumer,congress2022
New York,U.S. Senator,"Gillibrand, Kirsten",D,SenGillibrand,kirstengillibrand,https://www.instagram.com/kirstengillibrand,congress2022
New York 1st District,U.S. Representative,"Zeldin, Lee",R,RepLeeZeldin,leezeldin,https://www.instagram.com/leezeldin,congress2022
New York 2nd District,U.S. Representative,"Garbarino, Andrew",R,,garbarinoforcongress,https://www.instagram.com/garbarinoforcongress,congress2022
New York 3rd District,U.S. Representative,"Suozzi, Tom",D,Tom_Suozzi,reptomsuozzi,https://www.instagram.com/reptomsuozzi,congress2022
New York 4th District,U.S. Representative,"Rice, Kathleen",D,RepKathleenRice,repkathleenrice,https://www.instagram.com/repkathleenrice,congress2022
New York 5th District,U.S. Representative,"Meeks, Gregory W.",D,RepGregoryMeeks,repgregorymeeks,https://www.instagram.com/repgregorymeeks,congress2022
New York 6th District,U.S. Representative,"Meng, Grace",D,RepGraceMeng,grace4ny,https://www.instagram.com/grace4ny,congress2022
New York 7th District,U.S. Representative,"Velázquez, Nydia M.",D,NydiaVelazquez,rep_velazquez,https://www.instagram.com/rep_velazquez,congress2022
New York 8th District,U.S. Representative,"Jeffries, Hakeem",D,RepJeffries,repjeffries,https://www.instagram.com/repjeffries,congress2022
New York 9th District,U.S. Representative,"Clarke, Yvette D.",D,RepYvetteClarke,repyvetteclarke,https://www.instagram.com/repyvetteclarke,congress2022
New York 10th District,U.S. Representative,"Nadler, Jerrold",D,RepJerryNadler,repjerrynadler,https://www.instagram.com/repjerrynadler,congress2022
New York 11th District,U.S. Representative,"Malliotakis, Nicole",D,Nmalliotakis,nmalliotakis,https://www.instagram.com/nmalliotakis,congress2022
New York 12th District,U.S. Representative,"Maloney, Carolyn",D,RepMaloney,repmaloney,https://www.instagram.com/repmaloney,congress2022
New York 13th District,U.S. Representative,"Espaillat, Adriano",D,EspaillatNY,repadrianoespaillat,https://www.instagram.com/repadrianoespaillat,congress2022
New York 14th District,U.S. Representative,"Ocasio-Cortez, Alexandria",D,RepAOC,aoc,https://www.instagram.com/aoc,congress2022
New York 15th District,U.S. Representative,"Torres, Ritchie",D,RitchieTorres,ritchietorresny15,https://www.instagram.com/ritchietorresny15,congress2022
New York 16th District,U.S. Representative,"Bowman, Jamaal",D,JamaalBowmanNY,jamaalbowmanny,https://www.instagram.com/jamaalbowmanny,congress2022
New York 17th District,U.S. Representative,"Jones, Mondaire",D,MondaireJones,mondairejones,https://www.instagram.com/mondairejones,congress2022
New York 18th District,U.S. Representative,"Maloney, Sean Patrick",D,RepSeanMaloney,ny18spm,https://www.instagram.com/ny18spm,congress2022
New York 19th District,U.S. Representative,"Delgado, Antonio",D,RepDelgado,repantoniodelgado,https://www.instagram.com/repantoniodelgado,congress2022
New York 20th District,U.S. Representative,"Tonko, Paul D.",D,RepPaulTonko,reppaultonko,https://www.instagram.com/reppaultonko,congress2022
New York 21st District,U.S. Representative,"Stefanik, Elise",R,RepStefanik,elisestefanik,https://www.instagram.com/elisestefanik,congress2022
New York 22nd District,U.S. Representative,"Tenney, Claudia",R,claudiatenney,claudiatenney,https://www.instagram.com/claudiatenney,congress2022
New York 23rd District,U.S. Representative,"Reed, Tom",R,RepTomReed,reptomreed,https://www.instagram.com/reptomreed,congress2022
New York 24th District,U.S. Representative,"Katko, John",R,RepJohnKatko,repjohnkatko,https://www.instagram.com/repjohnkatko,congress2022
New York 25th District,U.S. Representative,"Morelle, Joseph",D,RepJoeMorelle,repjoemorelle,https://www.instagram.com/repjoemorelle,congress2022
New York 26th District,U.S. Representative,"Higgins, Brian",D,RepBrianHiggins,repbrianhiggins,https://www.instagram.com/repbrianhiggins,congress2022
New York 27th District,U.S. Representative,"Jacobs, Chris",R,jacobsny27,,,
North Carolina,U.S. Senator,"Tillis, Thom",R,SenThomTillis,senthomtillis,https://www.instagram.com/senthomtillis,congress2022
North Carolina,U.S. Senator,"Burr, Richard",R,SenatorBurr,senatorburr,https://www.instagram.com/senatorburr,congress2022
North Carolina 1st District,U.S. Representative,"Butterfield, G.K.",D,GKButterfield,gkbutterfield,https://www.instagram.com/gkbutterfield,congress2022
North Carolina 2nd District,U.S. Representative,"Ross, Deborah K.",D,DeborahRossNC,deborahrossnc,https://www.instagram.com/deborahrossnc,congress2022
North Carolina 3rd District,U.S. Representative,"Murphy, Greg",R,RepGregMurphy,,,congress2022
North Carolina 4th District,U.S. Representative,"Price, David",D,RepDavidEPrice,repdavideprice,https://www.instagram.com/repdavideprice,congress2022
North Carolina 5th District,U.S. Representative,"Foxx, Virginia",R,virginiafoxx,repvirginiafoxx,https://www.instagram.com/repvirginiafoxx,congress2022
North Carolina 6th District,U.S. Representative,"Manning, Kathy",D,KathyManningNC,kathymanningnc,https://www.instagram.com/kathymanningnc,congress2022
North Carolina 7th District,U.S. Representative,"Rouzer, David",R,RepDavidRouzer,repdavidrouzer,https://www.instagram.com/repdavidrouzer,congress2022
North Carolina 8th District,U.S. Representative,"Hudson, Richard",R,RepRichHudson,reprichhudson,https://www.instagram.com/reprichhudson,congress2022
North Carolina 9th District,U.S. Representative,"Bishop, Dan",R,jdanbishop,,,
North Carolina 10th District,U.S. Representative,"McHenry, Patrick T.",R,PatrickMcHenry,reppatrickmchenry,https://www.instagram.com/reppatrickmchenry,congress2022
North Carolina 11th District,U.S. Representative,"Cawthorn, Madison",R,CawthornforNC,madisoncawthorn,https://www.instagram.com/madisoncawthorn,congress2022
North Carolina 12th District,U.S. Representative,"Adams, Alma",D,RepAdams,repadams,https://www.instagram.com/repadams,congress2022
North Carolina 13th District,U.S. Representative,"Budd, Ted",R,BuddforCongress,ted.budd,https://www.instagram.com/ted.budd,congress2022
North Dakota,U.S. Senator,"Hoeven, John",R,SenJohnHoeven,senjohnhoeven,https://www.instagram.com/senjohnhoeven,congress2022
North Dakota,U.S. Senator,"Cramer, Kevin",R,SenKevinCramer,senatorkevincramer,https://www.instagram.com/senatorkevincramer,congress2022
North Dakota At-Large,U.S. Representative,"Armstrong, Kelly",R,RepArmstrongND,reparmstrongnd,https://www.instagram.com/reparmstrongnd,congress2022
Ohio,U.S. Senator,"Portman, Rob",R,senrobportman,senrobportman,https://www.instagram.com/senrobportman,congress2022
Ohio,U.S. Senator,"Brown, Sherrod",D,SenSherrodBrown,sensherrodbrown,https://www.instagram.com/sensherrodbrown,congress2022
Ohio 1st District,U.S. Representative,"Chabot, Steve",R,RepSteveChabot,repstevechabot,https://www.instagram.com/repstevechabot,congress2022
Ohio 2nd District,U.S. Representative,"Wenstrup, Brad",R,RepBradWenstrup,repbradwenstrup,https://www.instagram.com/repbradwenstrup,congress2022
Ohio 3rd District,U.S. Representative,"Beatty, Joyce",D,RepBeatty,repbeatty,https://www.instagram.com/repbeatty,congress2022
Ohio 4th District,U.S. Representative,"Jordan, Jim",R,Jim_Jordan,,,
Ohio 5th District,U.S. Representative,"Latta, Robert E.",R,boblatta,boblatta,https://www.instagram.com/boblatta,congress2022
Ohio 6th District,U.S. Representative,"Johnson, Bill",R,RepBillJohnson,billjohnsonministries,https://www.instagram.com/billjohnsonministries,congress2022
Ohio 7th District,U.S. Representative,"Gibbs, Bob",R,RepBobGibbs,repbobgibbs,https://www.instagram.com/repbobgibbs,congress2022
Ohio 8th District,U.S. Representative,"Davidson, Warren",R,WarrenDavidson,instawarrendavidson,https://www.instagram.com/instawarrendavidson,congress2022
Ohio 9th District,U.S. Representative,"Kaptur, Marcy",D,RepMarcyKaptur,repmarcykaptur,https://www.instagram.com/repmarcykaptur,congress2022
Ohio 10th District,U.S. Representative,"Turner, Michael",R,RepMikeTurner,repmiketurner,https://www.instagram.com/repmiketurner,congress2022
Ohio 11th District,U.S. Representative,"Brown, Shontel",D,ShontelMBrown,repshontel,https://www.instagram.com/repshontel,congress2022
Ohio 12th District,U.S. Representative,"Balderson, Troy",R,RepBalderson,troy_balderson,https://www.instagram.com/troy_balderson,congress2022
Ohio 13th District,U.S. Representative,"Ryan, Tim",D,RepTimRyan,reptimryan,https://www.instagram.com/reptimryan,congress2022
Ohio 14th District,U.S. Representative,"Joyce, David",R,RepDaveJoyce,repdavejoyce,https://www.instagram.com/repdavejoyce,congress2022
Ohio 15th District,U.S. Representative,"Carey, Mike",R,MikeCareyOH15,careyforcongress,https://www.instagram.com/careyforcongress,congress2022
Ohio 16th District,U.S. Representative,"Gonzalez, Anthony",R,RepAGonzalez,repagonzalez,https://www.instagram.com/repagonzalez,congress2022
Oklahoma,U.S. Senator,"Lankford, James",R,SenatorLankford,senatorlankford,https://www.instagram.com/senatorlankford,congress2022
Oklahoma,U.S. Senator,"Inhofe, Jim",R,InhofePress,jiminhofe,https://www.instagram.com/jiminhofe,congress2022
Oklahoma 1st District,U.S. Representative,"Hern, Kevin",R,RepKevinHern,kevinrhern,https://www.instagram.com/kevinrhern,congress2022
Oklahoma 2nd District,U.S. Representative,"Mullin, Markwayne",R,RepMullin,markwaynemullin,https://www.instagram.com/markwaynemullin,congress2022
Oklahoma 3rd District,U.S. Representative,"Lucas, Frank",R,RepFrankLucas,repfranklucas,https://www.instagram.com/repfranklucas,congress2022
Oklahoma 4th District,U.S. Representative,"Cole, Tom",R,TomColeOK04,tomcoleok04,https://www.instagram.com/tomcoleok04,congress2022
Oklahoma 5th District,U.S. Representative,"Bice, Stephanie",R,stephaniebice,stephaniebice,https://www.instagram.com/stephaniebice,congress2022
Oregon,U.S. Senator,"Wyden, Ron",D,RonWyden,ronwyden,https://www.instagram.com/ronwyden,congress2022
Oregon,U.S. Senator,"Merkley, Jeff",D,SenJeffMerkley,senjeffmerkley,https://www.instagram.com/senjeffmerkley,congress2022
Oregon 1st District,U.S. Representative,"Bonamici, Suzanne",D,RepBonamici,repbonamic,https://www.instagram.com/repbonamic,congress2022
Oregon 2nd District,U.S. Representative,"Bentz, Cliff",R,RepBentz,,,
Oregon 3rd District,U.S. Representative,"Blumenauer, Earl",D,repblumenauer,repblumenauer,https://www.instagram.com/repblumenauer,congress2022
Oregon 4th District,U.S. Representative,"DeFazio, Peter",D,RepPeterDeFazio,defazio4oregon,https://www.instagram.com/defazio4oregon,congress2022
Oregon 5th District,U.S. Representative,"Schrader, Kurt",D,RepSchrader,,,
Pennsylvania,U.S. Senator,"Toomey, Patrick",R,SenToomey,senpattoomey,https://www.instagram.com/senpattoomey,congress2022
Pennsylvania,U.S. Senator,"Casey, Bob Jr.",D,SenBobCasey,senbobcasey,https://www.instagram.com/senbobcasey,congress2022
Pennsylvania 1st District,U.S. Representative,"Fitzpatrick, Brady",R,RepBrianFitz,repbrianfitz,https://www.instagram.com/repbrianfitz,congress2022
Pennsylvania 2nd District,U.S. Representative,"Boyle, Brendan",D,CongBoyle,congressmanboyle,https://www.instagram.com/congressmanboyle,congress2022
Pennsylvania 3rd District,U.S. Representative,"Evans, Dwight",D,RepDwightEvans,repdwightevans,https://www.instagram.com/repdwightevans,congress2022
Pennsylvania 4th District,U.S. Representative,"Dean, Madeleine",D,RepDean,repmadeleinedean,https://www.instagram.com/repmadeleinedean,congress2022
Pennsylvania 5th District,U.S. Representative,"Scanlon, Mary-Gay",D,RepMGS,repmgs,https://www.instagram.com/repmgs,congress2022
Pennsylvania 6th District,U.S. Representative,"Houlahan, Chrissy",D,RepHoulahan,repchrissyhoulahan,https://www.instagram.com/repchrissyhoulahan,congress2022
Pennsylvania 7th District,U.S. Representative,"Wild, Susan",D,RepSusanWild,repsusanwild,https://www.instagram.com/repsusanwild,congress2022
Pennsylvania 8th District,U.S. Representative,"Cartwright, Matt",D,RepCartwright,repmattcartwright,https://www.instagram.com/repmattcartwright,congress2022
Pennsylvania 9th District,U.S. Representative,"Meuser, Daniel",R,RepMeuser,repmeuser,https://www.instagram.com/repmeuser,congress2022
Pennsylvania 10th District,U.S. Representative,"Perry, Scott",R,RepScottPerry,repscottperry,https://www.instagram.com/repscottperry,congress2022
Pennsylvania 11th District,U.S. Representative,"Smucker, Lloyd",R,RepLloyd,rep.smucker,https://www.instagram.com/rep.smucker,congress2022
Pennsylvania 12th District,U.S. Representative,"Keller, Fred",R,RepFredKelle,repfredkelle,https://www.instagram.com/repfredkelle,congress2022
Pennsylvania 13th District,U.S. Representative,"Joyce, John",R,RepJohnJoyce,johnjoycepa13,https://www.instagram.com/johnjoycepa13,congress2022
Pennsylvania 14th District,U.S. Representative,"Reschenthaler, Guy",R,GReschenthaler,guyreschenthaler,https://www.instagram.com/guyreschenthaler,congress2022
Pennsylvania 15th District,U.S. Representative,"Thompson, Glenn",R,CongressmanGT,congressman_gt,https://www.instagram.com/congressman_gt,congress2022
Pennsylvania 16th District,U.S. Representative,"Kelly, Mike",R,MikeKellyforPA,mikekellyforcongress,https://www.instagram.com/mikekellyforcongress,congress2022
Pennsylvania 17th District,U.S. Representative,"Lamb, Conor",D,RepConorLamb,conorlamb_pa,https://www.instagram.com/conorlamb_pa,congress2022
Pennsylvania 18th District,U.S. Representative,"Doyle, Michael",D,USRepMikeDoyle,usrepmikedoyle,https://www.instagram.com/usrepmikedoyle,congress2022
Rhode Island,U.S. Senator,"Whitehouse, Sheldon",D,SenWhitehouse,senwhitehouse,https://www.instagram.com/senwhitehouse,congress2022
Rhode Island,U.S. Senator,"Reed, Jack",D,SenJackReed,,,
Rhode Island 1st District,U.S. Representative,"Cicilline, David",D,RepCicilline,repdavidcicilline,https://www.instagram.com/repdavidcicilline,congress2022
Rhode Island 2nd District,U.S. Representative,"Langevin, Jim",D,jimlangevin,repdavidcicilline,https://www.instagram.com/repdavidcicilline,congress2022
South Carolina,U.S. Senator,"Scott, Tim",R,SenatorTimScott,senatortimscott,https://www.instagram.com/senatortimscott,congress2022
South Carolina,U.S. Senator,"Graham, Lindsey",R,LindsayGrahamSC,lindseygrahamsc,https://www.instagram.com/lindseygrahamsc,congress2022
South Carolina 1st District,U.S. Representative,"Mace, Nancy",R,NancyMace,nancyrmace,https://www.instagram.com/nancyrmace,congress2022
South Carolina 2nd District,U.S. Representative,"Wilson, Joe",R,RepJoeWilson,repjoewilson,https://www.instagram.com/repjoewilson,congress2022
South Carolina 3rd District,U.S. Representative,"Duncan, Jeff",R,RepJeffDuncan,repjeffduncan,https://www.instagram.com/repjeffduncan,congress2022
South Carolina 4th District,U.S. Representative,"Timmons, William",R,RepTimmons,reptimmons,https://www.instagram.com/reptimmons,congress2022
South Carolina 5th District,U.S. Representative,"Norman, Ralph",R,RepRalphNorman,repralphnorman,https://www.instagram.com/repralphnorman,congress2022
South Carolina 6th District,U.S. Representative,"Clyburn, James E.",D,WhipClyburn,whipclyburn,https://www.instagram.com/whipclyburn,congress2022
South Carolina 7th District,U.S. Representative,"Rice, Tom",R,RepTomRice,reptomrice,https://www.instagram.com/reptomrice,congress2022
South Dakota,U.S. Senator,"Thune, John",R,SenJohnThune,senjohnthune,https://www.instagram.com/senjohnthune,congress2022
South Dakota,U.S. Senator,"Rounds, Mike",R,SenatorRounds,,,
South Dakota At-Large,U.S. Representative,"Johnson, Dusty",R,RepDustyJohnson,repdustyjohnson,https://www.instagram.com/repdustyjohnson,congress2022
Tennessee,U.S. Senator,"Blackburn, Marsha",R,MarshaBlackburn,marshablackburn,https://www.instagram.com/marshablackburn,congress2022
Tennessee,U.S. Senator,"Hagerty, Bill",R,BillHagertyTN,billhagertyTN,https://www.instagram.com/billhagertyTN,congress2022
Tennessee 1st District,U.S. Representative,"Harshbarger, Diana",R,DHarshbargerTN1,dianaforcongress,https://www.instagram.com/dianaforcongress,congress2022
Tennessee 2nd District,U.S. Representative,"Burchett, Tim",R,RepTimBurchett,reptimburchett,https://www.instagram.com/reptimburchett,congress2022
Tennessee 3rd District,U.S. Representative,"Fleischmann, Chuck",R,RepChuck,repchuck,https://www.instagram.com/repchuck,congress2022
Tennessee 4th District,U.S. Representative,"DesJarlais, Scott",R,DesJarlaisTN04,desjarlaistn04,https://www.instagram.com/desjarlaistn04,congress2022
Tennessee 5th District,U.S. Representative,"Cooper, Jim",D,repjimcooper,repjimcooper,https://www.instagram.com/repjimcooper,congress2022
Tennessee 6th District,U.S. Representative,"Rose, John W.",R,RepJohnRose,repjohnrose,https://www.instagram.com/repjohnrose,congress2022
Tennessee 7th District,U.S. Representative,"Green, Mark",R,RepMarkGreen,drmarkgreen4tn,https://www.instagram.com/drmarkgreen4tn,congress2022
Tennessee 8th District,U.S. Representative,"Kustoff, David",R,DavidKustoff,repdavidkustoff,https://www.instagram.com/repdavidkustoff,congress2022
Tennessee 9th District,U.S. Representative,"Cohen, Steve",D,RepCohen,repcohen,https://www.instagram.com/repcohen,congress2022
Texas,U.S. Senator,"Cruz, Ted",R,SenTedCruz,sentedcruz,https://www.instagram.com/sentedcruz,congress2022
Texas,U.S. Senator,"Cornyn, John",R,JohnCornyn,johncornyn,https://www.instagram.com/johncornyn,congress2022
Texas 1st District,U.S. Representative,"Gohmert, Louie",R,replouiegohmert,replouiegohmert,https://www.instagram.com/replouiegohmert,congress2022
Texas 2nd District,U.S. Representative,"Crenshaw, Dan",R,RepDanCrenshaw,dancrenshawtx,https://www.instagram.com/dancrenshawtx,congress2022
Texas 3rd District,U.S. Representative,"Taylor, Van",R,RepVanTaylor,repvantaylor,https://www.instagram.com/repvantaylor,congress2022
Texas 4th District,U.S. Representative,"Fallon, Pat",R,FallonForTexas,,,
Texas 5th District,U.S. Representative,"Gooden, Lance",R,Lancegooden,replancegooden,https://www.instagram.com/replancegooden,congress2022
Texas 6th District,U.S. Representative,"Ellzey, Jake",R,JakeEllzey,commanderellzey,https://www.instagram.com/commanderellzey,congress2022
Texas 7th District,U.S. Representative,"Fletcher, Lizzie",D,RepFletcher,repfletcher,https://www.instagram.com/repfletcher,congress2022
Texas 8th District,U.S. Representative,"Brady, Kevin",R,RepKevinBrady,repkevinbrady,https://www.instagram.com/repkevinbrady,congress2022
Texas 9th District,U.S. Representative,"Green, Al",D,RepAlGreen,repalgreen,https://www.instagram.com/repalgreen,congress2022
Texas 10th District,U.S. Representative,"McCaul, Michael T.",R,RepMcCaul,congressman_mccau,https://www.instagram.com/congressman_mccau,congress2022
Texas 11th District,U.S. Representative,"Pfluger, August",R,AugustPfluger,augustpflugertx,https://www.instagram.com/augustpflugertx,congress2022
Texas 12th District,U.S. Representative,"Granger, Kay",R,RepKayGranger,repkaygranger,https://www.instagram.com/repkaygranger,congress2022
Texas 13th District,U.S. Representative,"Jackson, Ronny",R,RonnyJacksonTX,ronny.jacksontx,https://www.instagram.com/ronny.jacksontx,congress2022
Texas 14th District,U.S. Representative,"Weber, Randy",R,TXRandy14,txrandy14,https://www.instagram.com/txrandy14,congress2022
Texas 15th District,U.S. Representative,"Gonzalez, Vincente",D,RepGonzalez,repvicentegonzalez,https://www.instagram.com/repvicentegonzalez,congress2022
Texas 16th District,U.S. Representative,"Escobar, Veronica",D,RepEscobar,vgescobar915,https://www.instagram.com/vgescobar915,congress2022
Texas 17th District,U.S. Representative,"Sessions, Pete",R,SessionsTX17,,https://www.instagram.com/,congress2022
Texas 18th District,U.S. Representative,"Jackson Lee, Sheila",D,JacksonLeeTX18,repjacksonlee,https://www.instagram.com/repjacksonlee,congress2022
Texas 19th District,U.S. Representative,"Arrington, Jodey",R,JodeyArrington,repjodeyarrington,https://www.instagram.com/repjodeyarrington,congress2022
Texas 20th District,U.S. Representative,"Castro, Joaquin",D,JoaquinCastrotx,joaquincastrotx,https://www.instagram.com/joaquincastrotx,congress2022
Texas 21st District,U.S. Representative,"Roy, Chip",R,RepChipRoy,chiproytx,https://www.instagram.com/chiproytx,congress2022
Texas 22nd District,U.S. Representative,"Nehls, Troy",R,SheriffTNehls,,,
Texas 23rd District,U.S. Representative,"Gonzales, Tony",R,TonyGonzales4TX,TonyGonzalesForCongress,https://www.instagram.com/TonyGonzalesForCongress,congress2022
Texas 24th District,U.S. Representative,"Van Duyne, Beth",R,Bethvanduyne,bethvanduynetx,https://www.instagram.com/bethvanduynetx,congress2022
Texas 25th District,U.S. Representative,"Williams, Roger",R,RepRWilliams,,,
Texas 26th District,U.S. Representative,"Burgess, Michael",R,michaelcburgess,repmichaelburgess,https://www.instagram.com/repmichaelburgess,congress2022
Texas 27th District,U.S. Representative,"Cloud, Michael",R,RepCloudTX,michaeljcloud,https://www.instagram.com/michaeljcloud,congress2022
Texas 28th District,U.S. Representative,"Cuellar, Henry",D,RepCuellar,repcuellar,https://www.instagram.com/repcuellar,congress2022
Texas 29th District,U.S. Representative,"Garcia, Sylvia",D,RepSylviaGarcia,repsylviagarcia,https://www.instagram.com/repsylviagarcia,congress2022
Texas 30th District,U.S. Representative,"Johnson, Eddie Bernice",D,RepEBJ,repebj,https://www.instagram.com/repebj,congress2022
Texas 31st District,U.S. Representative,"Carter, John",R,JudgeCarter,judgecarter,https://www.instagram.com/judgecarter,congress2022
Texas 32nd District,U.S. Representative,"Allred, Colin",D,RepColinAllred,repcolinallred,https://www.instagram.com/repcolinallred,congress2022
Texas 33rd District,U.S. Representative,"Veasey, Marc",D,RepVeasey,repveasey,https://www.instagram.com/repveasey,congress2022
Texas 34th District,U.S. Representative,"Vela, Filemon",D,RepFilemonVela,repfilemonvela,https://www.instagram.com/repfilemonvela,congress2022
Texas 35th District,U.S. Representative,"Doggett, Lloyd",D,RepLloydDoggett,replloyddoggett,https://www.instagram.com/replloyddoggett,congress2022
Texas 36th District,U.S. Representative,"Babin, Brian",R,RepBrianBabin,,,
Utah,U.S. Senator,"Lee, Mike",R,SenMikeLee,senmikelee,https://www.instagram.com/senmikelee,congress2022
Utah,U.S. Senator,"Romney, Mitt",R,SenatorRomney,mittromney,https://www.instagram.com/mittromney,congress2022
Utah 1st District,U.S. Representative,"Moore, Blake",R,RepBlakeMoore,,,
Utah 2nd District,U.S. Representative,"Stewart, Chris",R,RepChrisStewart,repchrisstewart,https://www.instagram.com/repchrisstewart,congress2022
Utah 3rd District,U.S. Representative,"Curtis, John R.",R,RepJohnCurtis,repjohncurtis,https://www.instagram.com/repjohncurtis,congress2022
Utah 4th District,U.S. Representative,"Owens, Burgess",R,BurgessOwens,burgessowens,https://www.instagram.com/burgessowens,congress2022
Vermont,U.S. Senator,"Sanders, Bernie",I,SenSanders,berniesanders,https://www.instagram.com/berniesanders,congress2022
Vermont,U.S. Senator,"Leahy, Patrick",D,@SenatorLeahy,senatorleahy,https://www.instagram.com/senatorleahy,congress2022
Vermont At-Large,U.S. Representative,"Welch, Peter",D,PeterWelch,reppeterwelch,https://www.instagram.com/reppeterwelch,congress2022
Virginia,U.S. Senator,"Warner, Mark",D,MarkWarner,senatorwarner,https://www.instagram.com/senatorwarner,congress2022
Virginia,U.S. Senator,"Kaine, Tim",D,timkaine,timkaine,https://www.instagram.com/timkaine,congress2022
Virginia 1st District,U.S. Representative,"Wittman, Robert J.",R,RobWittman,reprobwittman,https://www.instagram.com/reprobwittman,congress2022
Virginia 2nd District,U.S. Representative,"Luria, Elaine",D,RepElaineLuria,,,
Virginia 3rd District,U.S. Representative,"Scott, Robert C.",D,BobbyScott,repbobbyscott,https://www.instagram.com/repbobbyscott,congress2022
Virginia 4th District,U.S. Representative,"McEacchin, Donald",R,Donald_McEachin,repmceachin,https://www.instagram.com/repmceachin,congress2022
Virginia 5th District,U.S. Representative,"Good, Bob",R,GoodForCongress,goodforcongress,https://www.instagram.com/goodforcongress,congress2022
Virginia 6th District,U.S. Representative,"Cline, Ben",R,RepBenCline,repbencline,https://www.instagram.com/repbencline,congress2022
Virginia 7th District,U.S. Representative,"Spanberger, Abigail",D,RepSpanberger,abigailspanberger,https://www.instagram.com/abigailspanberger,congress2022
Virginia 8th District,U.S. Representative,"Beyer, Don",D,RepDonBeyer,repdonbeyer,https://www.instagram.com/repdonbeyer,congress2022
Virginia 9th District,U.S. Representative,"Griffith, Morgan",R,RepMGriffith,hmorgangriffith,https://www.instagram.com/hmorgangriffith,congress2022
Virginia 10th District,U.S. Representative,"Wexton, Jennifer",D,RepWexton,repwexton,https://www.instagram.com/repwexton,congress2022
Virginia 11th District,U.S. Representative,"Connolly, Gerald E. “Gerry”",D,GerryConnolly,connollyforcongress,https://www.instagram.com/connollyforcongress,congress2022
Washington,U.S. Senator,"Murray, Patty",D,PattyMurray,senpattymurray,https://www.instagram.com/senpattymurray,congress2022
Washington,U.S. Senator,"Cantwell, Maria",D,SenatorCantwell,senatormariacantwell,https://www.instagram.com/senatormariacantwell,congress2022
Washington 1st District,U.S. Representative,"DelBene, Suzan",D,RepDelBene,repdelbene,https://www.instagram.com/repdelbene,congress2022
Washington 2nd District,U.S. Representative,"Larsen, Rick",D,RepRickLarsen,repricklarsen,https://www.instagram.com/repricklarsen,congress2022
Washington 3rd District,U.S. Representative,"Herrera Beutler, Jaime",R,HerreraBeutler,herrerabeutler,https://www.instagram.com/herrerabeutler,congress2022
Washington 4th District,U.S. Representative,"Newhouse, Dan",R,RepNewhouse,repnewhouse,https://www.instagram.com/repnewhouse,congress2022
Washington 5th District,U.S. Representative,"McMorris Rodgers, Cathy",R,cathymcmorris,cathymcmorris,https://www.instagram.com/cathymcmorris,congress2022
Washington 6th District,U.S. Representative,"Kilmer, Derek",D,RepDerekKilmer,repderekkilmer,https://www.instagram.com/repderekkilmer,congress2022
Washington 7th District,U.S. Representative,"Jayapal, Pramila",D,PramilaJayapal,repvantaylor,https://www.instagram.com/repvantaylor,congress2022
Washington 8th District,U.S. Representative,"Schrier, Kim",D,RepKimSchrier,repkimschrier,https://www.instagram.com/repkimschrier,congress2022
Washington 9th District,U.S. Representative,"Smith, Adam",D,RepAdamSmith,repadamsmith,https://www.instagram.com/repadamsmith,congress2022
Washington 10th District,U.S. Representative,"Strickland, Marilyn",D,StricklandforWA,stricklandforwa,https://www.instagram.com/stricklandforwa,congress2022
West Virginia,U.S. Senator,"Manchin, Joe",D,Sen_JoeManchin,joemanchin,https://www.instagram.com/joemanchin,congress2022
West Virginia,U.S. Senator,"Moore Capito, Shelley",R,SenCapito,sencapito,https://www.instagram.com/sencapito,congress2022
West Virginia 1st District,U.S. Representative,"McKinley, David",R,RepMcKinley,,,
West Virginia 2nd District,U.S. Representative,"Mooney, Alex",R,RepAlexMooney,repalexmooney,https://www.instagram.com/repalexmooney,congress2022
West Virginia 3rd District,U.S. Representative,"Miller, Carol",R,RepCarolMiller,repcarolmiller,https://www.instagram.com/repcarolmiller,congress2022
Wisconsin,U.S. Senator,"Johnson, Ron",R,SenRonJohnson,senronjohnson,https://www.instagram.com/senronjohnson,congress2022
Wisconsin,U.S. Senator,"Baldwin, Tammy",D,SenatorBaldwin,senatorbaldwin,https://www.instagram.com/senatorbaldwin,congress2022
Wisconsin 1st District,U.S. Representative,"Steil, Bryan",D,RepBryanSteil,repbryansteil,https://www.instagram.com/repbryansteil,congress2022
Wisconsin 2nd District,U.S. Representative,"Pocan, Mark",D,repmarkpocan,repmarkpocan,https://www.instagram.com/repmarkpocan,congress2022
Wisconsin 3rd District,U.S. Representative,"Kind, Ron",D,RepRonKind,repronkind,https://www.instagram.com/repronkind,congress2022
Wisconsin 4th District,U.S. Representative,"Moore, Gwen",D,RepGwenMoore,repgwenmoore,https://www.instagram.com/repgwenmoore,congress2022
Wisconsin 5th District,U.S. Representative,"Fitzgerald, Scott",R,FitzgeraldForWI,,,
Wisconsin 6th District,U.S. Representative,"Grothman, Glenn",R,RepGrothman,repglenngrothman,https://www.instagram.com/repglenngrothman,congress2022
Wisconsin 7th District,U.S. Representative,"Tiffany, Thomas",R,TomTiffanyWI,,,
Wisconsin 8th District,U.S. Representative,"Gallagher, Mike",R,MikeforWI,repgallagher,https://www.instagram.com/repgallagher,congress2022
Wyoming,U.S. Senator,"Lummis, Cynthia",R,SenLummis,sencynthialummis,https://www.instagram.com/sencynthialummis,congress2022
Wyoming,U.S. Senator,"Barrasso, John",R,SenJohnBarrasso,senjohnbarrasso,https://www.instagram.com/senjohnbarrasso,congress2022
Wyoming At-Large,U.S. Representative,"Cheney, Liz",R,Liz_Cheney,replizcheney,https://www.instagram.com/replizcheney,congress2022